{
  "id": "2033321",
  "name": "no name",
  "font_family": "iconfont",
  "css_prefix_text": "icon-",
  "description": "",
  "glyphs": [
    {
      "icon_id": "2668418",
      "name": "添加",
      "font_class": "tianjia1",
      "unicode": "e642",
      "unicode_decimal": 58946
    },
    {
      "icon_id": "12753707",
      "name": "播放",
      "font_class": "bofang_huaban",
      "unicode": "e634",
      "unicode_decimal": 58932
    },
    {
      "icon_id": "577382",
      "name": "喜欢",
      "font_class": "xihuan",
      "unicode": "e761",
      "unicode_decimal": 59233
    },
    {
      "icon_id": "15138175",
      "name": "搜索",
      "font_class": "sousuo",
      "unicode": "e63d",
      "unicode_decimal": 58941
    }
  ]
}
